Nom du produit,Prix,Site web,Catégorie,Date de collecte,Promotions,Lien
HP EliteBook 840 G8 i5-1135G7/16 GB/256GB...,"4 390,00 MAD",UltraPC.ma,PC Portables,2025-02-03 02:05:44,,https://www.ultrapc.ma/pc-portables/9012-hp-elitebook-840-g8-i5-1135g7-16-gb-256gb-ssd-14.html
HP EliteBook x360 830 G7...,"3 999,00 MAD",UltraPC.ma,PC Portables,2025-02-03 02:05:44,"-1 000,00 MAD",https://www.ultrapc.ma/pc-portables-multimedia/9167-hp-elitebook-x360-830-g7-i5-10210u-16gb-256gb-ssd-133.html
HP EliteBook 840 G6 i5-8365U/16GB/256GB SSD,"3 099,00 MAD",UltraPC.ma,PC Portables,2025-02-03 02:05:44,"-200,00 MAD",https://www.ultrapc.ma/pc-portables-multimedia/9139-hp-elitebook-840-g6-i5-8365u-16gb-256gb-ssd.html
"Nouvel Arrivage
Aorus 15 BKG-13FR794CD Ultra7 155H/16GB...","16 999,00 MAD",UltraPC.ma,PC Portables,2025-02-03 02:05:44,,https://www.ultrapc.ma/pc-portables-gamer/9308-aorus-15-bkg-13fr794cd-ultra7-155h-16gb-ddr5-1tb-ssd-rtx4060-8gb-156-165hz.html
"Asus Rog SAC À DOS 17"" Noir","239,00 MAD",UltraPC.ma,PC Portables,2025-02-03 02:05:44,"-150,00 MAD",https://www.ultrapc.ma/sac-sacoche-housse/9190-asus-rog-sac-a-dos-17-noir.html
MSI THIN 15 B12UCX-1682XES i5-12450H/16GB...,"8 499,00 MAD",UltraPC.ma,PC Portables,2025-02-03 02:05:44,,https://www.ultrapc.ma/pc-portables-gamer/9226-msi-thin-15-b12ucx-1682xes-i5-12450h-16gb-ddr4-512gb-ssd-rtx2050-156-144hz.html
Lenovo ThinkPad T480s Intel Core...,"2 899,00 MAD",UltraPC.ma,PC Portables,2025-02-03 02:05:44,"-300,00 MAD",https://www.ultrapc.ma/pc-portables-multimedia/5546-lenovo-thinkpad-t480s-intel-core-i5-8530u-8-go-256-ssd-14led-full-hd.html
MSI THIN B13VE-2473XMA i7 13620H/16GB...,"12 999,00 MAD",UltraPC.ma,PC Portables,2025-02-03 02:05:44,"-1 000,00 MAD",https://www.ultrapc.ma/pc-portables-gamer/8798-msi-thin-b13ve-2473xma-i7-13620h-16gb-ddr4-512gb-rtx4050-6gb-156-144hz.html
"Ugreen Sacoche PC PORTABLE 14 to 14,9","237,00 MAD",UltraPC.ma,PC Portables,2025-02-03 02:05:44,,https://www.ultrapc.ma/sac-sacoche-housse/6394-ugreen-sacoche-pc-portable-14-to-149.html
Ugreen sacoche pour ordinateur portable 15...,"270,00 MAD",UltraPC.ma,PC Portables,2025-02-03 02:05:44,,https://www.ultrapc.ma/sac-sacoche-housse/6307-ugreen-sacoche-pour-ordinateur-portable-15-a159-.html
MSI THIN B13VE-2474MA i7 13620H/16GB...,"13 999,00 MAD",UltraPC.ma,PC Portables,2025-02-03 02:05:44,"-1 000,00 MAD",https://www.ultrapc.ma/pc-portables-gamer/8797-msi-thin-b13ve-2474ma-i7-13620h-16gb-ddr4-512gb-rtx4050-6gb-156-144hz-w11.html
Asus ROG Zephyrus G14-403UI-Q24W AMD Ryzen...,"23 990,00 MAD",UltraPC.ma,PC Portables,2025-02-03 02:05:44,"-4 000,00 MAD",https://www.ultrapc.ma/pc-portables-gamer/9183-asus-rog-zephyrus-g14-403ui-q24w-amd-ryzen-9-8945hs-32gb-ddr5-1tb-ssd-rtx-4070-tgp-90w-14-3k-oled.html
Goui Sac à dos Line 20 litres,"399,00 MAD",UltraPC.ma,PC Portables,2025-02-03 02:05:44,,https://www.ultrapc.ma/sac-sacoche-housse/8931-goui-sac-a-dos-line-20-litres.html
"Nouvel Arrivage
MSI Modern 15 H B13M-237MA Intel...","9 999,00 MAD",UltraPC.ma,PC Portables,2025-02-03 02:05:44,,https://www.ultrapc.ma/pc-portables-gamer/9287-msi-modern-15-h-b13m-237ma-intel-i9-13900h-16go-ddr4-512gb-ssd-156-fhd-ips-windows11-noir-classic.html
"Nouvel Arrivage
MSI MODERN 14 C13M-1419MA Intel...","6 999,00 MAD",UltraPC.ma,PC Portables,2025-02-03 02:05:44,,https://www.ultrapc.ma/pc-portables-multimedia/9286-msi-modern-14-c13m-1419ma-intel-i5-1335u-16gb-ddr4-512gb-ssd-14-fhd-ips-win11-noir-classic.html
HP EliteBook 830 G5 i5-8265U/8GB/256GB SSD,"2 999,00 MAD",UltraPC.ma,PC Portables,2025-02-03 02:05:44,,https://www.ultrapc.ma/pc-portables/9224-hp-elitebook-830-g5-i5-8265u-8gb-256gb-ssd.html
ASUS TUF GAMING A15 FA506NFR-HN008 AMD...,"9 990,00 MAD",UltraPC.ma,PC Portables,2025-02-03 02:05:44,"-1 000,00 MAD",https://www.ultrapc.ma/pc-portables-gamer/8914-asus-tuf-gaming-a15-fa506nfr-hn008-amd-r7-7435hs-16gb-ddr5-512gb-ssd-rtx2050-4gb-156-144hz.html
"Ugreen Sacoche  13"" à 13,9"" (20448)","229,00 MAD",UltraPC.ma,PC Portables,2025-02-03 02:05:44,,https://www.ultrapc.ma/sac-sacoche-housse/7336-ugreen-sacoche-13-a-139-20448.html
"Sac à Dos UGREEN PC Portable 15,6 (90798)","424,00 MAD",UltraPC.ma,PC Portables,2025-02-03 02:05:44,,https://www.ultrapc.ma/sac-sacoche-housse/6302-sac-a-dos-ugreen-pc-portable-156-90798.html
"Nouvel Arrivage
MSI KATANA A15 AI Ryzen 7 8845HS/16GB DDR5...","13 999,00 MAD",UltraPC.ma,PC Portables,2025-02-03 02:05:44,"-1 000,00 MAD",https://www.ultrapc.ma/pc-portables-gamer/9405-msi-katana-a15-ai-ryzen-7-8845hs-16gb-ddr5-512gb-ssd-rtx4060-156-2k-ips-sans-emballage.html
MSI THIN 15 B13VE-2659MA Intel...,"13 999,00 MAD",UltraPC.ma,PC Portables,2025-02-03 02:05:44,,https://www.ultrapc.ma/pc-portables-gamer/9240-msi-thin-15-b13ve-2659ma-intel-i7-13620h-16gb-ddr4-512gb-ssd-rtx-4050-6gb-156-144hz-win11.html
MSI THIN B13UCX-2657MA Intel...,"10 999,00 MAD",UltraPC.ma,PC Portables,2025-02-03 02:05:44,,https://www.ultrapc.ma/pc-portables-gamer/9239-msi-thin-b13ucx-2657ma-intel-i7-13620h-16gb-ddr4-512gb-ssd-rtx-2050-4gb-156-144hz-win11.html
HyperX Knight Backpack (8C525AA),"949,00 MAD",UltraPC.ma,PC Portables,2025-02-03 02:05:44,,https://www.ultrapc.ma/sac-sacoche-housse/9164-hyperx-knight-backpack-8c525aa.html
HyperX Delta Backpack (8C524AA),"499,00 MAD",UltraPC.ma,PC Portables,2025-02-03 02:05:44,,https://www.ultrapc.ma/sac-sacoche-housse/9163-sac-a-dos-ugreen-pc-portable-156-90798.html
LENOVO V15-IRU i5-13420H/8Go/256Go...,"5 990,00 MAD",UltraPC.ma,PC Portables,2025-02-03 02:05:44,,https://www.ultrapc.ma/pc-portables-multimedia/9118-lenovo-v15-iru-i5-13420h-8go-256go-ssd-156-sac-a-dos.html
"Nouvel Arrivage
MSI PULSE 16 AI C1VFKG-082MA Intel Ultra 9...","24 999,00 MAD",UltraPC.ma,PC Portables,2025-02-03 02:05:44,,https://www.ultrapc.ma/pc-portables-gamer/9284-msi-pulse-16-ai-c1vfkg-082ma-intel-ultra-9-185h-32gb-ddr5-1tb-ssd-rtx-4070-8gb-16-240hz-win11-w-bag.html
MSI PULSE 16 AI C1VFKG-081MA Intel Ultra 9...,"21 999,00 MAD",UltraPC.ma,PC Portables,2025-02-03 02:05:44,,https://www.ultrapc.ma/pc-portables-gamer/9242-msi-pulse-16-ai-c1vfkg-081ma-intel-ultra-9-185h-16gb-ddr5-1tb-ssd-rtx-4060-8gb-16-240hz-win11h-w-bag.html
MSI SWORD 16 HX B14VGKG-851MA Intel...,"19 999,00 MAD",UltraPC.ma,PC Portables,2025-02-03 02:05:44,,https://www.ultrapc.ma/pc-portables-gamer/9241-msi-sword-16-hx-b14vgkg-851ma-intel-i7-14700hx-16gb-ddr5-1tb-ssd-rtx-4070-8gb-16-165hz-win11h.html
"ASUS ROG BP4701 SAC À DOS 17"" Noir","399,00 MAD",UltraPC.ma,PC Portables,2025-02-03 02:05:44,"-150,00 MAD",https://www.ultrapc.ma/sac-sacoche-housse/9191-asus-rog-bp4701-sac-a-dos-17-noir.html
Asus ROG Zephyrus G16-GU605MV-Q82W intel...,"24 400,00 MAD",UltraPC.ma,PC Portables,2025-02-03 02:05:44,,https://www.ultrapc.ma/pc-portables-gamer/9171-asus-rog-zephyrus-g16-gu605mv-q82w-intel-core-ultra-9-32gb-1tb-ssd-rtx-4060-16-25k-oled-sans-emballage.html
ASUS ROG Zephyrus G16 GA605WI-Q05W Ryzen...,"26 990,00 MAD",UltraPC.ma,PC Portables,2025-02-03 02:05:44,,https://www.ultrapc.ma/pc-portables-gamer/9013-asus-rog-zephyrus-g16-ga605wi-q05w-ryzen-ai-9-hx-370-32gb-ddr5-1tb-ssd-rtx-4070-8gb-16-oled-25k-240hz-sans-emballage.html
MSI CYBORG 15 A13VF-1474MA i7 13620H/16GB...,"14 999,00 MAD",UltraPC.ma,PC Portables,2025-02-03 02:05:44,,https://www.ultrapc.ma/pc-portables-gamer/8795-msi-cyborg-15-a13vf-1474ma-i7-13620h-16gb-ddr5-512gb-rtx4060-8gb-156-144hz-w11.html
